{"cameraMode":{"drawMode":0,"name":"Shaded","section":"Shading Mode"},"sceneLighting":false,"audioPlay":false,"sceneViewState":{"m_AlwaysRefresh":false,"showFog":true,"showSkybox":false,"showFlares":true,"showImageEffects":true,"showParticleSystems":true,"showVisualEffectGraphs":true,"m_FxEnabled":true},"in2DMode":false,"pivot":{"x":15.07149887084961,"y":7.420826435089111,"z":-1.1816329956054688},"rotation":{"x":-0.12798991799354554,"y":0.02974860928952694,"z":0.0038408490363508465,"w":0.9913222193717957},"size":18.575969696044923,"orthographic":false}